PassengerName,TrainID,Bookings
Rahul Sharma,T001,2
Priya Singh,T002,3
Amit Verma,T003,4
Neha Gupta,T004,1
Vikram Patel,T005,2
Sunita Reddy,T006,3
Anil Kumar,T007,5
Kavita Joshi,T008,2
Ravi Sinha,T009,4
Anjali Mehta,T010,3
Rajesh Yadav,T001,1
Pooja Desai,T002,2
Suresh Menon,T003,3
Deepika Rao,T004,2
Sandeep Bansal,T005,4
Renu Nair,T006,1
Harshad Chavan,T007,2
Rekha Thakur,T008,5
Sanjay Mishra,T009,3
Madhuri Kapoor,T010,4
Arjun Dubey,T001,2
Meera Roy,T002,1
Rakesh Sharma,T003,4
Aditi Jain,T004,3
Vikas Tyagi,T005,2
Geeta Bhatia,T006,1
Nikhil Rana,T007,5
Shalini Iyer,T008,4
Manoj Pandey,T009,2
Swati Saxena,T010,3
Ashok Singh,T001,4
Sonia Dutta,T002,3
Rajiv Joshi,T003,2
Nisha Shah,T004,1
Rohit Agarwal,T005,5
Sarita Mishra,T006,4
Ajay Bhatnagar,T007,2
Pallavi Pillai,T008,3
Vivek Shukla,T009,1
Sneha Arora,T010,5
Gaurav Jain,T001,3
Kiran Sehgal,T002,4
Arvind Rao,T003,2
Laxmi Nair,T004,1
Shyam Lal,T005,4
Suman Yadav,T006,5
Vijay Patil,T007,3
Jyoti Bhatt,T008,2
Rohini Sharma,T009,1
Rajendra Patel,T010,4
